year,early,election_day,mail,total,pct_early,pct_election_day,pct_mail
201800000000,65966900000000,148202900000000,16281400000000,230451200000000,28.62510587924906,64.3098842618307,7.065009858920241
202000000000,98398500000000,43712600000000,150298600000000,303703000000000,32.39958116976125,14.393206520844378,49.48867808352239
202200000000,37855100000000,103717600000000,33874800000000,175447500000000,21.57631200216589,59.116031861383036,19.307656136451076
